<resources>
    <string name="app_name">Family</string>
    <string name="action_settings">Settings</string>
	<string name="fatherName">Father Name:</string>
	<string name="motherName">Mother Name:</string>
	<string name="childName">Child Name:</string>
	<string name="address">Address: </string>
	<string name="enterFather">Enter Father Name</string>
	<string name="enterMother">Enter Mother Name</string>
	<string name="enterAddress">Enter Address</string>
	<string name="addChlid">ADD CHILD</string>
	<string name="enterChild">Enter Child Name</string>
	<string name="save">Save</string>
	<string name="update">Update</string>

</resources>
